category,percent
3 prime UTR,1.6400000000000001
5 prime UTR,0.7000000000000001
downstream,27.99
intergenic,4.04
intron,36.730000000000004
missense,0.42
splice region,0.27999999999999997
splice region&synonymous,0.02
stop lost,0.02
stop retained,0.02
synonymous,0.44
upstream,27.689999999999998
